cod_local,venta_2025,venta_2026,unidades_2025,unidades_2026,boletas_2025,boletas_2026,visitantes_2025,visitantes_2026,costo_2025,costo_2026,conv_2025,conv_2026,ticket_2025,ticket_2026,upt_2025,upt_2026,margen_2025,margen_2026,ln_visitantes_pct,ln_conv_pct,ln_ticket_pct,ln_venta_pct,check_suma
T007,46615333,41589751,1234,1077,725,709,3711.0,3509.0,27036891,24122053,0.1953651306925357,0.20205186662866914,64297.011034482755,58659.73342736248,1.7020689655172414,1.5190409026798308,0.4200000459076416,0.42000006203451423,-5.597028547738248,3.3654157154835302,-9.175962630310291,-11.40757546256502,-11.40757546256501
T008,33356035,30214766,964,901,578,555,3291.0,3130.0,19346500,17524557,0.17563050744454572,0.17731629392971246,57709.403114186855,54441.01981981982,1.6678200692041523,1.6234234234234235,0.42000000899387474,0.4200002409417965,-5.015846540914101,0.9552710483198054,-5.830221529896365,-9.89079702249065,-9.89079702249066
T009,27542469,25103586,1340,1271,807,763,2937.0,2685.0,17076330,15575919,0.27477017364657813,0.28417132216014895,34129.45353159851,32901.16120576671,1.660470879801735,1.6657929226736565,0.38000002831990115,0.3795341032153733,-8.970792425565499,3.364228727016321,-3.6652799253792328,-9.271843623928408,-9.27184362392841
